Date,Open,High,Low,Close,Volume
14-07-2003,3704.629883,3750,3625.72998,3647.580078,106400
21-07-2003,3655.26001,3737.76001,3534.060059,3726.459961,143800
28-07-2003,3745.98999,3835.75,3694.939941,3815.310059,132000
04-08-2003,3798.810059,3890.780029,3722.080078,3883.76001,128200
11-08-2003,3842.139893,3959.100098,3842.139893,3921.199951,97000
18-08-2003,3932.370117,4149.540039,3928.169922,4125.120117,120000
25-08-2003,4149.819824,4277.640137,3943.659912,4244.72998,152400
01-09-2003,4248.069824,4371.97998,4248.069824,4369.169922,148600
08-09-2003,4399.609863,4473.569824,4297.709961,4305.910156,134600
15-09-2003,4310.169922,4330.850098,4097.549805,4217.120117,175400
22-09-2003,4230.910156,4388.830078,4111.540039,4382.569824,136000
29-09-2003,4392.870117,4556.890137,4385.540039,4552.919922,121400
06-10-2003,4567.680176,4780.77002,4552.390137,4768.899902,147200
13-10-2003,4787.75,4949.22998,4738.720215,4930.529785,173600
20-10-2003,4951.109863,4951.109863,4599.609863,4757.370117,173800
27-10-2003,4802.069824,4913.180176,4666.189941,4906.870117,174600
03-11-2003,4946.930176,5135,4946.930176,4971.569824,180600
10-11-2003,4962.220215,5059.97998,4854.160156,4865.830078,156400
17-11-2003,4907.02002,4981.47998,4736.700195,4838.540039,140000
24-11-2003,4852.120117,5050.560059,4803.799805,5044.819824,112400
01-12-2003,5086.859863,5263.109863,5082.819824,5131.720215,173600
08-12-2003,5144.950195,5343.910156,5089.569824,5315.810059,132000
15-12-2003,5366.930176,5555.680176,5351.029785,5541.350098,142600
22-12-2003,5547.680176,5705.299805,5543.97998,5699.240234,113400
29-12-2003,5725.439941,6034.379883,5725.439941,6026.589844,112600
05-01-2004,6050.47998,6249.600098,5870.549805,6119.589844,184200
12-01-2004,6152.220215,6248.810059,5914.02002,5946.189941,186200
19-01-2004,5967.390137,6130.089844,5567.680176,5816.640137,209000
26-01-2004,5854.350098,6030.549805,5685.640137,5695.669922,176800
02-02-2004,5715.459961,5820.450195,5550.169922,5786.350098,163800
09-02-2004,5810.209961,6017.009766,5807.72998,6011.660156,182400
16-02-2004,6025.850098,6082.799805,5770.870117,5850.720215,174200
23-02-2004,5869.609863,5875.22998,5551.640137,5667.509766,180800
01-03-2004,5649.299805,5892.779785,5649.299805,5880.350098,145400
08-03-2004,5899.259766,5951.029785,5570.810059,5700.399902,183600
15-03-2004,5745.060059,5764.200195,5386.620117,5443.439941,179200
22-03-2004,5446.879883,5552.339844,5324.779785,5528.939941,143200
29-03-2004,5538.52002,5799.160156,5493.120117,5788.080078,142000
05-04-2004,5809.740234,5905.350098,5774.879883,5838.450195,102800
12-04-2004,5856.439941,5927.040039,5743.580078,5862.819824,98600
19-04-2004,5875.529785,5979.25,5765.379883,5925.580078,119200
26-04-2004,5841.299805,5841.299805,5626.410156,5655.089844,114200
03-05-2004,5645.859863,5772.640137,5506,5669.580078,128800
10-05-2004,5628.609863,5628.609863,5043.990234,5069.870117,181400
17-05-2004,5020.890137,5073.700195,4227.5,4961.569824,180000
24-05-2004,4993.450195,5163.609863,4821.589844,4835.390137,149000
31-05-2004,4760.279785,5012.52002,4665.209961,4889,164600
07-06-2004,4927.5,5000.589844,4823.100098,4832.709961,150400
14-06-2004,4810.419922,4863.629883,4696.509766,4769.990234,144200
21-06-2004,4770.649902,4790.930176,4613.939941,4756.390137,164200
28-06-2004,4784.580078,4895.47998,4772.870117,4870.580078,163600
05-07-2004,4861.149902,5004.169922,4723.040039,4945.47998,160200
12-07-2004,4949.419922,4978.490234,4835.339844,4951.169922,110000
19-07-2004,4957.080078,5086.029785,4936.600098,5073.339844,136000
26-07-2004,5046.990234,5200.850098,5034.22998,5170.319824,155000
02-08-2004,5193.25,5262.890137,5145.220215,5196.990234,132800
09-08-2004,5176.390137,5269.220215,5084.509766,5102.919922,201600
16-08-2004,5105.259766,5148.529785,5025.490234,5064.660156,119400
23-08-2004,5064.419922,5148.75,5022.290039,5117.009766,108600
30-08-2004,5130.540039,5233.319824,5130.540039,5218.459961,84000
06-09-2004,5226.089844,5376.120117,5226.089844,5370.049805,99200
13-09-2004,5380.709961,5569.470215,5376.040039,5561.149902,125200
20-09-2004,5562.680176,5638.790039,5513.680176,5527.75,131200
27-09-2004,5530,5685.680176,5428.200195,5675.540039,108400
04-10-2004,5706.319824,5803.819824,5699.319824,5776.850098,114400
11-10-2004,5764.859863,5792.080078,5645.660156,5686.72998,65000
18-10-2004,5706.830078,5751.600098,5617.370117,5641.060059,64600
25-10-2004,5633.47998,5733.75,5558.140137,5672.27002,106000
01-11-2004,5678.649902,5900.509766,5649.029785,5891.359863,76000
08-11-2004,5912.52002,6001.990234,5910.410156,5964.009766,61200
15-11-2004,5970.040039,6044.549805,5949.240234,5961.709961,58400
22-11-2004,5921.009766,6081.740234,5877.970215,6035.029785,61400
29-11-2004,6033.419922,6361.529785,6029.819824,6322.759766,115200
06-12-2004,6351.040039,6386.290039,6221.399902,6233.540039,99600
13-12-2004,6231.470215,6437,6220.580078,6346.47998,86400
20-12-2004,6360.109863,6507.939941,6345.870117,6498.060059,74200
27-12-2004,6484.839844,6617.149902,6469.959961,6602.689941,68600
03-01-2005,6626.490234,6696.310059,6325.359863,6420.459961,92600
10-01-2005,6440.330078,6469.089844,6070.330078,6173.819824,88600
17-01-2005,6202.740234,6267.609863,6087.549805,6183.240234,84000
24-01-2005,6201.600098,6430.720215,6069.330078,6419.089844,85200
31-01-2005,6463.52002,6684.160156,6455.549805,6618.22998,170000
07-02-2005,6652.330078,6658.330078,6508.330078,6633.759766,65800
14-02-2005,6673.390137,6719.169922,6533.129883,6584.319824,78000
21-02-2005,6585.879883,6622.620117,6515.72998,6569.720215,76200
28-02-2005,6584.339844,6864.620117,6545.939941,6849.47998,102400
07-03-2005,6863.580078,6954.859863,6839.350098,6853.72998,88600
14-03-2005,6854.919922,6882.22998,6595.529785,6700.339844,179200
21-03-2005,6716.410156,6734.720215,6412.890137,6442.870117,64200
28-03-2005,6471.470215,6618.080078,6321.310059,6605.040039,65400
04-04-2005,6616.830078,6649.419922,6456.839844,6479.540039,58000
11-04-2005,6426.209961,6515.819824,6232.370117,6248.339844,45400
18-04-2005,6220.97998,6374.029785,6118.419922,6346.569824,70200
25-04-2005,6338.669922,6391.72998,6138.470215,6154.439941,62600
02-05-2005,6183.069824,6402.350098,6141.370117,6388.47998,58000
09-05-2005,6391.799805,6494.910156,6380.759766,6451.540039,73800
16-05-2005,6456.970215,6568.609863,6380.529785,6499.5,57800
23-05-2005,6504.490234,6772.740234,6499.209961,6707.720215,58600
30-05-2005,6697.149902,6763.279785,6642.609863,6748.850098,49600
06-06-2005,6747.200195,6883.669922,6737.089844,6781.990234,53000
13-06-2005,6790.330078,6933.259766,6757.040039,6906.52002,51000
20-06-2005,6940.060059,7178.040039,6940.060059,7148.620117,116800
27-06-2005,7136.390137,7228.569824,7034.47998,7210.77002,91200
04-07-2005,7186.740234,7308.720215,7123.109863,7212.080078,67000
11-07-2005,7227.509766,7352.459961,7163.850098,7271.540039,66000
18-07-2005,7325.649902,7429.950195,7273.189941,7423.25,63000
25-07-2005,7427.649902,7708.589844,7427.649902,7635.419922,72400
01-08-2005,7632.009766,7843.77002,7596.740234,7754,102600
08-08-2005,7760.669922,7861.259766,7559.799805,7767.490234,97800
15-08-2005,7774.27002,7921.390137,7735.370117,7780.759766,46000
22-08-2005,7814.930176,7845.959961,7537.5,7680.220215,64400
29-08-2005,7693,7928.069824,7566.209961,7899.77002,50800
05-09-2005,7901.350098,8077.740234,7901.350098,8060.009766,39400
12-09-2005,8072.990234,8388.799805,8072.990234,8380.959961,59600
19-09-2005,8399.509766,8521.75,8121.810059,8222.589844,100200
26-09-2005,8280.05957,8722.169922,8280.05957,8634.480469,99800
03-10-2005,8662.990234,8821.839844,8410.69043,8491.55957,122000
10-10-2005,8516.44043,8564.849609,8180.100098,8201.730469,86800
17-10-2005,8230.469727,8317.379883,7838.02002,8068.950195,120200
24-10-2005,8096.490234,8126.27002,7656.149902,7685.640137,108000
31-10-2005,7717.069824,8086.839844,7717.069824,8072.75,38400
07-11-2005,8083.589844,8483.679688,8049.649902,8471.040039,92000
14-11-2005,8503.700195,8739.570313,8416.889648,8686.650391,70600
21-11-2005,8699.269531,8863.929688,8518.179688,8853.209961,99400
28-11-2005,8905.679688,9057.969727,8768.799805,8961.610352,93000
05-12-2005,8965.830078,9080.759766,8783.929688,9067.280273,77600
12-12-2005,9092.650391,9309.009766,9092.650391,9284.459961,106800
19-12-2005,9263.320313,9442.980469,9237.94043,9256.910156,193800
26-12-2005,9254.089844,9427.230469,9020.799805,9397.929688,79000
02-01-2006,9422.490234,9680.919922,9366.089844,9640.290039,83800
09-01-2006,9643.919922,9689.679688,9303.709961,9374.19043,81200
16-01-2006,9382.860352,9556.19043,9158.44043,9520.959961,127200
23-01-2006,9467.55957,9883.950195,9432.929688,9870.790039,72800
30-01-2006,9896.459961,9993.919922,9713.509766,9742.580078,102200
06-02-2006,9746.089844,10122.25,9739.709961,10110.96973,76600
13-02-2006,10132.66992,10195.41992,9970,9981.110352,95200
20-02-2006,10002.36035,10304.87988,9896.639648,10200.75977,77400
27-02-2006,10214.58008,10706.21973,10109.33984,10595.42969,117000
06-03-2006,10616.99023,10782.33984,10376.54004,10765.16016,116400
13-03-2006,10818.94043,10951.37988,10761.21973,10860.04004,83200
20-03-2006,10903.25,11017.25,10784.41992,10950.29981,85400
27-03-2006,10996.36035,11356.9502,10996.36035,11279.95996,99800
03-04-2006,11342.95996,11930.66016,11342.95996,11589.44043,81200
10-04-2006,11620.37988,11702.76953,11008.42969,11237.23047,81800
17-04-2006,11323.74023,12102,11323.74023,12030.29981,132400
24-04-2006,12063.73047,12086.91016,11344.61035,11851.92969,108000
01-05-2006,12103.78027,12482.91016,12103.78027,12359.7002,79200
08-05-2006,12393.21973,12671.11035,12224.44043,12285.11035,99000
15-05-2006,12272.63965,12272.63965,10799.00977,10938.61035,152800
22-05-2006,11071.62988,11142.90039,9826.910156,10809.34961,133400
29-05-2006,10855.03027,10992.37988,10011.4502,10451.33008,120000
05-06-2006,10537.08008,10552.37988,9200.799805,9810.459961,138600
12-06-2006,9858.469727,10118.28027,8799.009766,9884.509766,135400
19-06-2006,9903.110352,10453.61035,9745.169922,10401.29981,113000
26-06-2006,10427.84961,10626.83984,9902.330078,10609.25,130000
03-07-2006,10646.55957,10940.4502,10440.01953,10509.53027,115600
10-07-2006,10484.25,10939.67969,10461.73047,10678.21973,103600
17-07-2006,10647.25977,10647.25977,9972.730469,10085.91016,109000
24-07-2006,9881.030273,10787.65039,9875.349609,10680.23047,100400
31-07-2006,10759.19043,11081.90039,10646.65039,10866.50977,91600
07-08-2006,10863.28027,11241.11035,10780.00977,11192.45996,82400
14-08-2006,11221.86035,11551.58984,11221.86035,11465.71973,62800
21-08-2006,11488.03027,11635.25,11297.23047,11572.2002,69000
28-08-2006,11583.73047,11795.01953,11552.44043,11778.01953,66200
04-09-2006,11824.49023,11983.48047,11815.42969,11918.65039,62600
11-09-2006,11959.55957,12041.7002,11445.19043,12009.58984,80600
18-09-2006,12006.19043,12303.41992,11833.61035,12236.78027,71800
25-09-2006,12257.26953,12485.16992,12145.08984,12454.41992,68000
02-10-2006,12473.79004,12489.28027,12178.83008,12372.80957,50200
09-10-2006,12335.82031,12756.23047,12261.49023,12736.41992,66000
16-10-2006,12785.03027,12994.4502,12654.98047,12709.40039,82400
23-10-2006,12757.30957,12921.23047,12612.36035,12906.80957,36200
30-10-2006,12925.42969,13146.86035,12844.84961,13130.79004,68400
06-11-2006,13155.11035,13303.84961,12950.57031,13282.91016,81400
13-11-2006,13295.24023,13678.04004,13287.28027,13429.48047,138200
20-11-2006,13390.9502,13790.82031,13200.36035,13703.33008,75000
27-11-2006,13716.45996,13857.80957,13577.37988,13844.78027,64600
04-12-2006,13846.70996,14035.29981,13756.86035,13799.49023,57800
11-12-2006,13783,13801.98047,12801.65039,13614.51953,102600
18-12-2006,13695.59961,13748.62012,13182.34961,13471.74023,71000
25-12-2006,13501.44043,13960.38965,13490.76953,13786.91016,40000
01-01-2007,13827.76953,14060.34961,13763.38965,13860.51953,49000
08-01-2007,13855.88965,14070.87988,13303.21973,14056.53027,90800
15-01-2007,14110.44043,14325.91992,14067.51953,14182.70996,61600
22-01-2007,14217.79981,14307.19043,14025.74023,14282.71973,59400
29-01-2007,14306.96973,14462.76953,14045.61035,14403.76953,70400
05-02-2007,14432.08984,14723.87988,14372.36035,14538.90039,65400
12-02-2007,14529.28027,14529.28027,13805.36035,14355.54981,84200
19-02-2007,14406.87988,14479.17969,13568.08008,13632.53027,74800
26-02-2007,13684.9502,13723.40039,12800.91016,12886.12988,112400
05-03-2007,12716.84961,13145.71973,12344.44043,12884.99023,115000
12-03-2007,12916.66992,13056.86035,12316.09961,12430.40039,82400
19-03-2007,12484.63965,13386.9502,12426.66016,13285.92969,79000
26-03-2007,13345.73047,13345.73047,12832.69043,13072.09961,54600
02-04-2007,12811.92969,12899.30957,12425.51953,12856.08008,62600
09-04-2007,12904.84961,13421.04981,12904.84961,13384.08008,75800
16-04-2007,13479.49023,13915.62012,13423.63965,13897.41016,79600
23-04-2007,13972.80957,14383.71973,13850.07031,13908.58008,119400
30-04-2007,13823.40039,14189.20996,13693.58984,13934.26953,42800
07-05-2007,14044.70996,14067.07031,13562.9502,13796.16016,66400
14-05-2007,13954.41016,14352.98047,13885.45996,14303.41016,72200
21-05-2007,14414.83008,14500.63965,14046.05957,14338.4502,93400
28-05-2007,14467.84961,14682.09961,14368.40039,14570.75,64200
04-06-2007,14618.78027,14683.36035,14010.61035,14063.80957,84400
11-06-2007,14170.80957,14326.54981,13946.99023,14162.70996,63400
18-06-2007,14241.75977,14560.32031,14057.25977,14467.36035,62400
25-06-2007,14469.42969,14663.25,14407.12012,14650.50977,65800
02-07-2007,14685.16016,15007.21973,14638.87988,14964.12012,72000
09-07-2007,15018.70996,15330.73047,14829.54981,15272.71973,85200
16-07-2007,15295.03027,15683.03027,15160.26953,15565.54981,85400
23-07-2007,15560.57031,15868.84961,15159.67969,15234.57031,108000
30-07-2007,15278.03027,15568.84961,14896.46973,15138.40039,87200
06-08-2007,14892.59961,15542.40039,14570.88965,14868.25,79600
13-08-2007,14965.65039,15069.63965,13779.87988,14141.51953,73200
20-08-2007,14512.28027,14680.08984,13870.7002,14424.87012,75800
27-08-2007,14581.34961,15350.91016,14581.34961,15318.59961,76000
03-09-2007,15401.99023,15716.05957,15323.04981,15590.41992,69800
10-09-2007,15413.58008,15824.65039,15363.53027,15603.79981,63200
17-09-2007,15664.74023,16616.83984,15467.45996,16564.23047,158400
24-09-2007,16697.89063,17361.4707,16599.66016,17291.09961,98000
01-10-2007,17356.99023,17979.17969,17144.58008,17773.35938,95800
08-10-2007,17901.93945,18844.61914,17287.18945,18419.03906,137400
15-10-2007,18525.60938,19198.66016,17226.17969,17559.98047,164000
22-10-2007,17259.65039,19276.44922,17171.44922,19243.16992,171600
29-10-2007,19621.39063,20238.16016,19255.76953,19976.23047,117400
05-11-2007,20009.34961,20009.34961,18737.2207,18907.59961,67000
12-11-2007,18640.51953,19987.71094,18333.21094,19698.35938,105000
19-11-2007,19895.49023,19971.43945,18182.83008,18852.86914,77400
26-11-2007,19171.25,19424.99023,18884.19922,19363.18945,58400
03-12-2007,19547.08984,20094.56055,19446.67969,19966,71400
10-12-2007,20074.91992,20498.10938,19834.00977,20030.83008,68400
17-12-2007,20032.66992,20032.66992,18886.40039,19162.57031,54600
24-12-2007,19308.19922,20323.75977,19308.19922,20206.94922,48000
31-12-2007,20323.2793,20762.80078,20077.40039,20686.89063,70200
07-01-2008,20637.21094,21206.76953,20438.18945,20827.44922,102000
14-01-2008,20918.23047,20959.2207,18930.41992,19013.69922,109000
21-01-2008,18919.57031,18919.57031,15332.41992,18361.66016,126400
28-01-2008,18011.89063,18491.06055,17417.63086,18242.58008,72200
04-02-2008,18496.0293,18895.33984,17203.06055,17464.89063,89400
11-02-2008,17427.33984,18142.91992,16457.74023,18115.25,80400
18-02-2008,18228.21094,18314.09961,17347.25977,17349.07031,63000
25-02-2008,17523.81055,18137.2793,17137.99023,17578.7207,78400
03-03-2008,17227.56055,17227.56055,15689.91992,15975.51953,88400
10-03-2008,15684.24023,16683.36914,15228.99023,15760.51953,112200
17-03-2008,15326.92969,15465.80957,14677.24023,14994.83008,98400
24-03-2008,15093.76953,16452.08008,15056.08984,16371.29004,122200
31-03-2008,16226.66016,16236.7002,15297.95996,15343.12012,89900
07-04-2008,15390.15039,15957.24023,15321.55957,15807.63965,96200
14-04-2008,15694.41016,16570.57031,15573.03027,16481.19922,62200
21-04-2008,16611.41016,17150.91992,16589.44922,17125.98047,99200
28-04-2008,17251.56055,17621.24023,16978.89063,17600.11914,97600
05-05-2008,17687,17735.69922,16678.93945,16737.07031,101400
12-05-2008,16641.44922,17497.35938,16546.55078,17434.93945,96000
19-05-2008,17366.05078,17367.13086,16626.10938,16649.64063,70600
26-05-2008,16468.32031,16666.0293,16196.01953,16415.57031,92000
02-06-2008,16591.46094,16632.7207,15314.01953,15572.17969,109800
09-06-2008,15115.96973,15337.09961,14645.30957,15189.62012,130600
16-06-2008,15400.57031,15789.62012,14520.87988,14571.29004,100000
23-06-2008,14423.04981,14509.69043,13736.00977,13802.21973,126400
30-06-2008,13791.01953,13872.05957,12822.75,13454,142600
07-07-2008,13561.91992,14063.4502,13049.95996,13469.84961,129600
14-07-2008,13333.03027,13684.26953,12514.99023,13635.40039,155000
21-07-2008,13782.12988,15130.08984,13581.19043,14274.94043,166000
28-07-2008,14267.03027,14682.33008,13727.13965,14656.69043,139400
04-08-2008,14594.63965,15422.82031,14503.50977,15167.82031,139800
11-08-2008,15430.30957,15579.78027,14686.66016,14724.17969,94400
18-08-2008,14681.13965,14824.91992,14136.86035,14401.49023,95400
25-08-2008,14643.37012,14672.69043,14002.42969,14564.53027,102600
01-09-2008,14412.99023,15106.15039,14281.09961,14483.83008,83500
08-09-2008,15038.05957,15107.00977,13933.87012,14000.80957,115600
15-09-2008,13592.04981,14097.44043,12558.13965,14042.32031,183400
22-09-2008,14215.33008,14215.33008,13054.41992,13102.17969,171200
29-09-2008,13109.95996,13203.86035,12153.54981,12526.32031,145000
06-10-2008,12284.49023,12284.49023,10239.75977,10527.84961,202000
13-10-2008,10817.67969,11870.21973,9911.320313,9975.349609,213600
20-10-2008,10160.46973,10750.2002,8566.820313,8701.070313,219200
27-10-2008,8588.860352,9870.419922,7697.390137,9788.05957,167600
03-11-2008,10209.37012,10945.41016,9631.589844,9964.290039,240600
10-11-2008,10154.55957,10570.58008,9267.490234,9385.419922,207600
17-11-2008,9396.929688,9424.25,8316.389648,8915.209961,224600
24-11-2008,8840.530273,9182.799805,8649.400391,9092.719727,164000
01-12-2008,9162.94043,9340.69043,8467.429688,8965.200195,246800
08-12-2008,9276.889648,9746.009766,9095.700195,9690.070313,190400
15-12-2008,9821.849609,10188.54004,9633.040039,10099.91016,292600
22-12-2008,10102.41992,10173.33984,9294.980469,9328.919922,203400
29-12-2008,9318.860352,10070.28027,9162.660156,9958.219727,237800
05-01-2009,10124.91992,10469.71973,9250.820313,9406.469727,482600
12-01-2009,9306.740234,9412.969727,8946.620117,9323.589844,248200
19-01-2009,9365.040039,9409.509766,8631.599609,8674.349609,176800
26-01-2009,8803.070313,9438.30957,8791.580078,9424.240234,160800
02-02-2009,9363.580078,9363.580078,9017.080078,9300.860352,185400
09-02-2009,9359,9724.870117,9329.299805,9634.740234,166400
16-02-2009,9637.040039,9637.040039,8762.580078,8843.209961,157800
23-02-2009,8707.349609,8998.30957,8619.219727,8891.610352,144000
02-03-2009,8762.879883,8762.879883,8047.169922,8325.820313,209600
09-03-2009,8259.219727,8793.209961,8110.100098,8756.610352,112000
16-03-2009,8793.889648,9120.400391,8697.459961,8966.679688,211000
23-03-2009,9040.299805,10127.08984,9040.299805,10048.49023,240600
30-03-2009,9902.349609,10431.98047,9521.759766,10348.83008,204800
06-04-2009,10521.78027,10929.33008,10173,10803.86035,168600
13-04-2009,10916.42969,11362.30957,10719.17969,11023.08984,227000
20-04-2009,11065.09961,11362.87988,10715.66016,11329.04981,213600
27-04-2009,11237.41992,11492.09961,10961.75977,11403.25,140400
04-05-2009,11635.24023,12272.04004,11635.24023,11876.42969,247000
11-05-2009,11997.37012,12256.42969,11621.29981,12173.41992,367600
18-05-2009,13479.38965,14930.54004,13479.38965,13887.15039,225400
25-05-2009,13999.44043,14726.59961,13524.92969,14625.25,210000
01-06-2009,14790.88965,15257.29981,14601.91016,15103.54981,207000
08-06-2009,15153.20996,15600.29981,14526.69043,15237.94043,208000
15-06-2009,15195.83008,15261.03027,14179.76953,14521.88965,215200
22-06-2009,14591.28027,14781.94043,14016.9502,14764.63965,159800
29-06-2009,14764.63965,14955.54981,14355.51953,14913.04981,150800
06-07-2009,14962.12012,15097.87012,13418.38965,13504.21973,173000
13-07-2009,13405.9502,14800.7002,13219.99023,14744.91992,148200
20-07-2009,14854.16992,15418.61035,14786.58008,15378.95996,210000
27-07-2009,15350.88965,15732.80957,14888.41016,15670.30957,180800
03-08-2009,15694.78027,16002.45996,15104,15160.24023,176400
10-08-2009,15287.13965,15545.12988,14701.04981,15411.62988,159600
17-08-2009,15284.23047,15411.62988,14684.4502,15240.83008,119600
24-08-2009,15362.92969,15957.66992,15362.92969,15922.33984,118000
31-08-2009,15812.15039,15923.08984,15356.71973,15689.12012,128800
07-09-2009,15793.26953,16434.76953,15793.26953,16264.29981,148800
14-09-2009,16185.25977,16820.01953,16119.9502,16741.30078,145600
21-09-2009,16805.2207,16943.49023,16494.91992,16693,116200
28-09-2009,16829.10938,17195.60938,16802.80078,17134.55078,64600
05-10-2009,17062.00977,17120.56055,16606.94922,16642.66016,171800
12-10-2009,16687.32031,17350.39063,16687.32031,17322.82031,114400
19-10-2009,17414.80078,17457.25977,16721.25977,16810.81055,100200
26-10-2009,16808.05078,16938.88086,15805.2002,15896.28027,147200
02-11-2009,15838.62988,16283.86035,15330.55957,16158.28027,124800
09-11-2009,16190.79004,16909.74023,16147.20996,16848.83008,122200
16-11-2009,16893.10938,17098.78906,16635.75,17021.84961,98200
23-11-2009,17067.14063,17290.48047,16210.44043,16632.00977,109600
30-11-2009,16655.75,17361.26953,16655.75,17101.53906,101800
07-12-2009,17106.74023,17351.71094,16943.00977,17119.0293,99800
14-12-2009,17118.14063,17275.18945,16693.06055,16719.83008,95800
21-12-2009,16724.83984,17413.68945,16577.7793,17360.60938,80600
28-12-2009,17388.66992,17530.93945,17322.80078,17464.81055,44800
04-01-2010,17473.44922,17790.33008,17378.38086,17540.28906,111800
11-01-2010,17724.58984,17776.57031,17276.46094,17554.30078,104200
18-01-2010,17538.7207,17712.59961,16608.08984,16859.67969,86200
25-01-2010,16847.69922,16877.76953,15982.08008,16357.95996,89000
01-02-2010,16339.32031,16552.99023,15725.42969,15790.92969,95800
08-02-2010,15931.33984,16202.87012,15651.99023,16152.58984,82000
15-02-2010,16186.90039,16480.89063,16011.82031,16191.62988,90600
22-02-2010,16191.32031,16669.25,16167.12988,16429.55078,83000
01-03-2010,16438.44922,17097.71094,16438.44922,16994.49023,81000
08-03-2010,17034.91992,17244.53906,17027.91992,17166.61914,124000
15-03-2010,17166.9707,17600.86914,17061.14063,17578.23047,70800
22-03-2010,17481.96094,17682.93945,17337.38086,17644.75977,51600
29-03-2010,17639.17969,17793.00977,17488.55078,17692.61914,54000
05-04-2010,17693.66016,18047.85938,17679.33984,17933.14063,62400
12-04-2010,17874.16016,17995.25,17529.55078,17591.17969,46800
19-04-2010,17584.85938,17778.33984,17276.80078,17694.19922,70600
26-04-2010,17692.25977,17826.48047,17344.58008,17558.71094,67000
03-05-2010,17536.85938,17536.85938,16684.13086,16769.10938,86000
10-05-2010,16799.49023,17389.15039,16799.49023,16994.59961,91800
17-05-2010,16961.91992,17000.33984,16187.03027,16445.60938,105200
24-05-2010,16494.60938,16891.16992,15960.15039,16863.06055,100000
31-05-2010,16872.16992,17150.41992,16318.38965,17117.68945,109400
07-06-2010,17069.76953,17131.56055,16560.64063,17064.94922,139400
14-06-2010,17118.74023,17721.99023,17118.74023,17570.82031,116600
21-06-2010,17654.81055,17919.61914,17546.73047,17574.5293,93800
28-06-2010,17577.66016,17794.80078,17373.7793,17460.94922,90000
05-07-2010,17473.83008,17857.58008,17395.58008,17833.53906,78800
12-07-2010,17875.9707,18167.2207,17855.84961,17955.82031,75000
19-07-2010,17914.11914,18237.56055,17848.07031,18130.98047,69800
26-07-2010,18056.24023,18194.08984,17838.91992,17868.28906,73600
02-08-2010,17911.31055,18295.42969,17911.31055,18143.99023,56000
09-08-2010,18141.10938,18309.25,17914.7793,18167.0293,87200
16-08-2010,18169.80078,18475.26953,17997.46094,18401.82031,72400
23-08-2010,18400.33008,18454.38086,17944.16016,17998.41016,68000
30-08-2010,18063.48047,18355.83984,17819.99023,18221.42969,65200
06-09-2010,18124.28906,18823.16992,18124.28906,18799.66016,66200
13-09-2010,18845.31055,19639.17969,18845.31055,19594.75,87000
20-09-2010,19445.41992,20105.53906,19445.41992,20045.17969,79000
27-09-2010,20082.25977,20475.4707,19864.46094,20445.03906,84600
04-10-2010,20501.21094,20706.74023,20145.74023,20250.25977,83600
11-10-2010,20250.25977,20854.55078,20090.17969,20125.05078,64000
18-10-2010,20160.55078,20351.74023,19822.66016,20165.85938,61200
25-10-2010,20199.73047,20452.30078,19768.96094,20032.33984,60400
01-11-2010,20272.49023,21108.64063,20267.09961,21004.96094,46600
08-11-2010,21041.9707,21075.71094,20108.40039,20156.89063,68000
15-11-2010,20167.61914,20380.09961,19504.86914,19585.43945,67600
22-11-2010,19713.83984,19989.01953,18954.82031,19136.60938,76400
29-11-2010,19230.33984,20084.25,19167.18945,19966.92969,76600
06-12-2010,20038.25,20217.85938,19074.57031,19508.89063,73200
13-12-2010,19600.2793,19897.2207,19321.41016,19864.84961,58200
20-12-2010,19770.01953,20151.25,19711.11914,20073.66016,61400
27-12-2010,20062.59961,20552.0293,19981.75977,20509.08984,53600
03-01-2011,20621.60938,20664.80078,19629.2207,19691.81055,74000
10-01-2011,19714.41992,19720.42969,18811.96094,18860.43945,89200
17-01-2011,18911.42969,19167.06055,18779.38086,19007.5293,72200
24-01-2011,19095.68945,19340.99023,18235.44922,18395.9707,57400
31-01-2011,18226.21094,18542.19922,17926.98047,18008.15039,107400
07-02-2011,18135.01953,18180.93945,17295.61914,17728.60938,108000
14-02-2011,17940.16016,18690.9707,17857.11914,18211.51953,102800
21-02-2011,18238.53906,18457.90039,17469.9707,17700.91016,106000
28-02-2011,17811.08008,18736.9707,17718.88086,18486.44922,103200
07-03-2011,18361.65039,18583.30078,18058.71094,18174.08984,90800
14-03-2011,18167.09961,18463.83984,17849.5293,17878.81055,88600
21-03-2011,17984.7207,18858.30078,17792.16992,18815.64063,64000
28-03-2011,18799.71094,19575.16016,18799.57031,19420.39063,70800
04-04-2011,19473.92969,19811.14063,19388.41992,19451.44922,57600
11-04-2011,19382.91016,19737.33008,19101.63086,19386.82031,44200
18-04-2011,19389.74023,19695.98047,18976.18945,19602.23047,55800
25-04-2011,19538.51953,19697.49023,19015.05078,19135.96094,61000
02-05-2011,19224.05078,19253.86914,18160.65039,18518.81055,80800
09-05-2011,18628.63086,18724.53906,18280.69922,18531.2793,55200
16-05-2011,18492.67969,18492.67969,18020.78906,18326.08984,66400
23-05-2011,18269.06055,18298.64063,17786.13086,18266.09961,58600
30-05-2011,18319.74023,18672.65039,18199.51953,18376.48047,68600
06-06-2011,18344.26953,18545.94922,18182.90039,18268.53906,49200
13-06-2011,18242.25,18380.18945,17844.08984,17870.5293,68200
20-06-2011,17925.16992,18268.94922,17314.38086,18240.67969,60000
27-06-2011,18132.69922,19031.38086,18132.69922,18762.80078,64000
04-07-2011,18896.24023,19131.69922,18682.59961,18858.03906,56400
11-07-2011,18823.18945,18936.42969,18326.41992,18561.91992,48200
18-07-2011,18592.18945,18765.59961,18415.35938,18722.30078,50000
25-07-2011,18753.34961,18944.59961,18131.85938,18197.19922,81000
01-08-2011,18352.23047,18440.07031,16990.91016,17305.86914,65400
08-08-2011,16907.57031,17256.46094,16432,16839.63086,82200
15-08-2011,17015.99023,17035.49023,15987.76953,16141.66992,58600
22-08-2011,16155.99023,16549.21094,15765.53027,15848.83008,63000
29-08-2011,16080.74023,16989.85938,16068.73047,16821.46094,39200
05-09-2011,16678.33984,17211.80078,16488.30078,16866.9707,68200
12-09-2011,16668.25,17122.53906,16374.67969,16933.83008,79800
19-09-2011,16865.92969,17191.11914,16052.46973,16162.05957,79600
26-09-2011,16209.19043,16756.08008,15801.00977,16453.75977,93800
03-10-2011,16255.96973,16347.48047,15745.42969,16232.54004,72200
10-10-2011,16270.07031,17112.44922,16230.76953,17082.68945,91800
17-10-2011,17176.05078,17188.55078,16669.03906,16785.64063,69600
24-10-2011,17011.06055,17908.13086,16898.59961,17804.80078,58800
31-10-2011,17806.21094,17813.10938,17278.0293,17562.60938,84200
07-11-2011,17593.66992,17658.33984,17096.83984,17192.82031,44200
14-11-2011,17348.51953,17391.99023,16164.99023,16371.50977,91200
21-11-2011,16297.03027,16297.03027,15478.69043,15695.42969,96000
28-11-2011,15890.79981,16888.83984,15849.57031,16846.83008,100200
05-12-2011,16812.30078,17003.71094,16142.32031,16213.45996,61800
12-12-2011,16354.95996,16360.32031,15425.2002,15491.34961,104000
19-12-2011,15440.09961,15911.23047,15135.86035,15738.7002,96600
26-12-2011,15782.16992,16049.12012,15406.92969,15454.91992,60000
02-01-2012,15534.66992,16004.69043,15358.01953,15867.73047,86600
09-01-2012,15840.21973,16257.33984,15678.29981,16154.62012,83400
16-01-2012,16086.74023,16788.48047,16037.59961,16739.00977,83200
23-01-2012,16667.01953,17258.9707,16659.32031,17233.98047,64400
30-01-2012,17138.03906,17630.5293,16828.33008,17604.96094,124000
06-02-2012,17741.91016,17890.10938,17579.58984,17748.68945,96200
13-02-2012,17761.69922,18423.06055,17665.89063,18289.34961,107600
20-02-2012,18303.73047,18523.7793,17848.92969,17923.57031,81400
27-02-2012,17975.18945,18001.34961,17381.64063,17636.80078,91000
05-03-2012,17598.41992,17691.96094,17008.76953,17503.24023,63800
12-03-2012,17772.09961,18040.68945,17426.58008,17466.19922,77800
19-03-2012,17531.4707,17687.00977,17136.5,17361.74023,72400
26-03-2012,17377.58984,17439.50977,16920.60938,17404.19922,85400
02-04-2012,17429.96094,17664.09961,17382.38086,17486.01953,30600
09-04-2012,17407.66016,17486.01953,17027.30078,17094.50977,60200
16-04-2012,17047.86914,17530.30078,17010.16016,17373.83984,55000
23-04-2012,17347.75977,17444.17969,17019.24023,17134.25,58600
30-04-2012,17195.50977,17432.33008,16776.7207,16831.08008,37400
07-05-2012,16620.43945,16944.13086,16233.75977,16292.98047,58600
14-05-2012,16318.36035,16390.33008,15809.70996,16152.75,62000
21-05-2012,16187.66016,16366.71973,15847.03027,16217.82031,53800
28-05-2012,16289.82031,16544.38086,15933.48047,15965.16016,58600
04-06-2012,15808.87988,16767.76953,15748.98047,16718.86914,59800
11-06-2012,16804.89063,16967.75977,16553.4707,16949.83008,48000
18-06-2012,17039.53906,17109.94922,16636.08984,16972.50977,53000
25-06-2012,17038.76953,17448.48047,16815.86914,17429.98047,46600
02-07-2012,17438.67969,17562.89063,17351.5,17521.11914,44400
09-07-2012,17449.92969,17631.18945,17181.16992,17213.69922,43200
16-07-2012,17241.98047,17318.92969,17038.58984,17158.43945,48800
23-07-2012,17047.73047,17047.73047,16598.48047,16839.18945,55400
30-07-2012,16919.14063,17291.99023,16919.14063,17197.92969,50400
06-08-2012,17313.05078,17726.64063,17313.05078,17557.74023,61200
13-08-2012,17551.68945,17801.39063,17522.09961,17691.08008,37600
20-08-2012,17705.14063,17972.53906,17705.14063,17783.21094,35400
27-08-2012,17769.43945,17820.07031,17337.60938,17380.75,47200
03-09-2012,17465.59961,17701.19922,17250.80078,17683.73047,50200
10-09-2012,17780.92969,18498.53906,17677.38086,18464.26953,52600
17-09-2012,18619.90039,18866.86914,18291.92969,18752.83008,53600
24-09-2012,18756.31055,18869.93945,18552.67969,18762.74023,57800
01-10-2012,18784.64063,19137.28906,18745.2793,18938.46094,67600
08-10-2012,18969.18945,18969.18945,18581.49023,18675.17969,43200
15-10-2012,18690.99023,18806.56055,18535.36914,18682.31055,36800
22-10-2012,18655.92969,18812.92969,18558.05078,18625.33984,29400
29-10-2012,18656,18793.75,18393.41992,18755.44922,41800
05-11-2012,18749.36914,18973.42969,18656.41016,18683.67969,41400
12-11-2012,18691.01953,18750.91992,18266.75977,18309.36914,34600
19-11-2012,18349.5293,18567.67969,18255.68945,18506.57031,32800
26-11-2012,18574.35938,19372.69922,18508.78906,19339.90039,36000
03-12-2012,19342.83008,19561.86914,19186.24023,19424.09961,44000
10-12-2012,19442.18945,19612.17969,19193.10938,19317.25,42800
17-12-2012,19290.91992,19520.50977,19149.0293,19242,56200
24-12-2012,19278,19504.40039,19237.25977,19444.83984,27400
31-12-2012,19422.58984,19797.43945,19406.16992,19784.08008,25800
07-01-2013,19820.56055,19856.42969,19596.38086,19663.64063,43600
14-01-2013,19689.08984,20126.55078,19689.08984,20039.03906,53400
21-01-2013,20132.83008,20163.38086,19884.19922,20103.5293,54200
28-01-2013,20129,20203.66016,19736.44922,19781.18945,49800
04-02-2013,19860.9707,19902.59961,19414.80078,19484.76953,45000
11-02-2013,19517.58984,19723.00977,19381.82031,19468.15039,39600
18-02-2013,19496.25,19742.41992,19289.69922,19317.00977,38600
25-02-2013,19365.33008,19411.17969,18793.9707,18918.51953,48600
04-03-2013,18920.90039,19706.0293,18760.41016,19683.23047,45200
11-03-2013,19679.88086,19754.66016,19179.33008,19427.56055,44600
18-03-2013,19282.63086,19378.60938,18669.19922,18735.59961,57000
25-03-2013,18894.13086,18950.2207,18568.42969,18835.76953,38800
01-04-2013,18890.81055,19060.50977,18389.28906,18450.23047,40800
08-04-2013,18455.80078,18599.14063,18173.31055,18242.56055,44000
15-04-2013,18196.08984,19058.80078,18144.2207,19016.46094,39600
22-04-2013,18989.7793,19434.84961,18989.7793,19286.7207,36800
29-04-2013,19306.66992,19792,19284.40039,19575.64063,43600
06-05-2013,19571.66016,20119.14063,19554.31055,20082.61914,36000
13-05-2013,20073.41016,20328.18945,19652.68945,20286.11914,40600
20-05-2013,20277.75977,20443.61914,19568.49023,19704.33008,56600
27-05-2013,19750.66992,20254.0293,19678.31055,19760.30078,43800
03-06-2013,19859.2207,19860.18945,19395.32031,19429.23047,32600
10-06-2013,19530.34961,19585.75,18765.5293,19177.92969,55000
17-06-2013,19249.90039,19383.60938,18615.14063,18774.24023,54800
24-06-2013,18714.06055,19432.93945,18467.16016,19395.81055,55200
01-07-2013,19352.48047,19640.26953,19147.31055,19495.82031,47000
08-07-2013,19418.98047,19991.93945,19185.91992,19958.4707,38800
15-07-2013,19926.09961,20256.59961,19649.58008,20149.84961,46800
22-07-2013,20096.71094,20351.06055,19699.75977,19748.18945,49000
29-07-2013,19714.41992,19751.0293,19078.7207,19164.01953,52500
05-08-2013,19178.06055,19306.50977,18551.34961,18789.33984,50500
12-08-2013,18898.93945,19392.56055,18559.65039,18598.17969,52600
19-08-2013,18587.38086,18587.38086,17759.58984,18519.43945,88900
26-08-2013,18602.56055,18728.18945,17448.71094,18619.7207,93600
02-09-2013,18691.83008,19293.96094,18166.16992,19270.06055,74000
09-09-2013,19448.39063,20055.5293,19444.66016,19732.75977,56000
16-09-2013,19977.38086,20739.68945,19596.15039,20263.71094,62200
23-09-2013,20060.82031,20199.81055,19658.74023,19727.26953,62400
30-09-2013,19643.89063,20052,19264.7207,19915.94922,47800
07-10-2013,19880.93945,20559.68945,19647.88086,20528.58984,55500
14-10-2013,20534.60938,20932.23047,20375.41992,20882.89063,48500
21-10-2013,20915.75977,21039.41992,20589.7207,20683.51953,51900
28-10-2013,20696.50977,21293.88086,20493.66016,21196.81055,51700
04-11-2013,21134.09961,21158.56055,20600.90039,20666.15039,45400
11-11-2013,20596.40039,20672.5293,20161.64063,20399.41992,42100
18-11-2013,20570.58984,20934.40039,20137.66992,20217.39063,49900
25-11-2013,20326.66016,20819.76953,20326.66016,20791.92969,45900
02-12-2013,20771.26953,21165.59961,20673.61914,20996.5293,55800
09-12-2013,21416.66992,21483.74023,20692.66992,20715.58008,59900
16-12-2013,20714.25977,21117.99023,20568.69922,21079.7207,46400
23-12-2013,21080.53906,21235.14063,21010.65039,21193.58008,25300
30-12-2013,21260.15039,21331.32031,20731.33008,20851.33008,33700
06-01-2014,20913.78906,20971.23047,20625.16992,20758.49023,43100
13-01-2014,20850.53906,21379.28906,20850.53906,21063.61914,48300
20-01-2014,21083.5293,21409.66016,21001.13086,21133.56055,46100
27-01-2014,20899.0293,20899.0293,20343.7793,20513.84961,44800
03-02-2014,20479.0293,20480.34961,19963.11914,20376.56055,48300
10-02-2014,20429.16016,20516.59961,20149.00977,20366.82031,43600
17-02-2014,20438.86914,20750.51953,20338.94922,20700.75,32500
24-02-2014,20695.48047,21140.50977,20637.30078,21120.11914,41900
03-03-2014,21079.26953,21960.89063,20920.98047,21919.78906,163700
10-03-2014,21819.18945,22023.98047,21573.48047,21809.80078,56200
17-03-2014,21849.65039,22040.7207,21704.66016,21753.75,87800
24-03-2014,21827.5,22363.9707,21827.5,22339.9707,47000
31-03-2014,22423.14063,22620.65039,22253.7793,22359.5,52400
07-04-2014,22355.56055,22792.49023,22197.50977,22628.96094,33600
14-04-2014,22698.08984,22737.31055,22247.39063,22628.83984,23800
21-04-2014,22644.75,22939.31055,22636.75,22688.07031,32800
28-04-2014,22717.58984,22721.35938,22284.96094,22403.89063,30600
05-05-2014,22412.80078,23048.49023,22277.03906,22994.23047,46000
12-05-2014,23031.10938,25375.63086,23008.65039,24121.74023,92700
19-05-2014,24340.32031,24745.85938,24107.99023,24693.34961,96200
26-05-2014,24913.89063,25175.2207,24163.61914,24217.33984,80500
02-06-2014,24368.96094,25419.14063,24270.19922,25396.46094,85900
09-06-2014,25543.59961,25735.86914,25171.60938,25228.16992,67800
16-06-2014,25239.5,25609.2793,25056.17969,25105.50977,60500
23-06-2014,25108.08984,25427.80078,24878.66016,25099.91992,48000
30-06-2014,25179.55078,25999.08008,25179.55078,25962.06055,45600
07-07-2014,26039.66992,26190.43945,24978.33008,25024.34961,67600
14-07-2014,25093.16016,25713.40039,24892,25641.56055,59300
21-07-2014,25776.53906,26300.16992,25677.71094,26126.75,43200
28-07-2014,26173.4707,26181.83008,25459.13086,25480.83984,38500
04-08-2014,25631.67969,25928.32031,25232.82031,25329.14063,37600
11-08-2014,25476.86914,26135,25437.05078,26103.23047,33000
18-08-2014,26123.68945,26530.66992,26075.2793,26419.55078,40700
25-08-2014,26490.31055,26674.38086,26314.89063,26638.10938,32800
01-09-2014,26733.17969,27225.84961,26732.39063,27026.69922,41400
08-09-2014,27145.11914,27354.99023,26904.5,27061.03906,36400
15-09-2014,26998.07031,27247.16992,26464.0293,27090.41992,37300
22-09-2014,27008.11914,27256.86914,26220.49023,26626.32031,48300
29-09-2014,26694.41016,26851.33008,26481.31055,26567.99023,22600
06-10-2014,26487.50977,26688.69922,26150.08984,26297.38086,35500
13-10-2014,26275.07031,26550.78906,25910.76953,26108.5293,38400
20-10-2014,26434.16016,26930.23047,26368.93945,26851.05078,25400
27-10-2014,26959.57031,27894.32031,26726.83984,27865.83008,40000
03-11-2014,27943.03906,28010.39063,27739.56055,27868.63086,28700
10-11-2014,27919.44922,28126.48047,27764.75,28046.66016,40500
17-11-2014,28018.67969,28360.66016,27915.23047,28334.63086,39600
24-11-2014,28413.00977,28822.36914,28217.5,28693.99023,55700
01-12-2014,28748.2207,28809.64063,28370.73047,28458.09961,47700
08-12-2014,28433,28494.84961,27320.05078,27350.67969,49700
15-12-2014,27136.2793,27497.11914,26469.41992,27371.83984,63000
22-12-2014,27479.86914,27851.09961,27146.51953,27208.60938,26600
29-12-2014,27478.30078,27937.4707,27312.28906,27887.90039,20000
05-01-2015,27978.42969,28064.49023,26776.11914,27458.38086,54800
12-01-2015,27523.85938,28194.60938,27203.25,28121.89063,54300
19-01-2015,28249.83984,29408.73047,28197.35938,29278.83984,60400
26-01-2015,29189.44922,29844.16016,29070.48047,29182.94922,51000
02-02-2015,29143.63086,29277.83008,28647.14063,28717.91016,74600
09-02-2015,28566.5,29154.66992,28044.49023,29094.92969,71500
16-02-2015,29170.76953,29522.85938,29083.40039,29231.41016,44900
23-02-2015,29316.58008,29362.96094,28693.82031,29220.11914,54200
02-03-2015,29533.41992,30024.74023,29162.4707,29448.94922,57900
09-03-2015,29316.53906,29321.06055,28448.48047,28503.30078,58100
16-03-2015,28546.31055,28978.74023,28209.66016,28261.08008,57100
23-03-2015,28317.28906,28455.32031,27248.44922,27458.64063,61200
30-03-2015,27655.78906,28298.33984,27624.75977,28260.14063,30300
06-04-2015,28351.93945,28907.81055,28221.99023,28879.38086,51100
13-04-2015,28955.13086,29094.60938,28403.75977,28442.09961,41300
20-04-2015,28525.65039,28539.46094,27344.69922,27437.93945,74800
27-04-2015,27565.49023,27567.2793,26897.53906,27011.31055,42800
04-05-2015,27204.63086,27603.71094,26423.99023,27105.39063,55100
11-05-2015,27249.41992,27544.24023,26750.00977,27324,55500
18-05-2015,27416.9707,28071.16016,27370.2793,27957.5,61000
25-05-2015,27893.25,27903.28906,27354.34961,27828.43945,45500
01-06-2015,27770.78906,27959.42969,26551.9707,26768.49023,61600
08-06-2015,26814.31055,27000.14063,26307.07031,26425.30078,48200
15-06-2015,26498.66992,27404.59961,26307.83984,27316.16992,65700
22-06-2015,27427.18945,27968.75,27417.0293,27811.83984,45800
29-06-2015,27451.07031,28135.42969,27209.18945,28092.78906,51600
06-07-2015,27857.19922,28335.23047,27530.90039,27661.40039,49000
13-07-2015,27739.32031,28576.32031,27635.06055,28463.31055,36500
20-07-2015,28544.2793,28578.33008,28070.91016,28112.31055,46000
27-07-2015,28117.65039,28161.16992,27416.39063,28114.56055,54300
03-08-2015,28089.08984,28359.96094,27866.11914,28236.39063,51400
10-08-2015,28250.7793,28417.58984,27479.42969,28067.31055,70700
17-08-2015,28093.53906,28095.9707,27131.43945,27366.07031,63400
24-08-2015,26730.40039,26730.40039,25298.41992,26392.38086,91300
31-08-2015,26469.41992,26504.73047,25119.06055,25201.90039,65600
07-09-2015,25302.98047,25875.96094,24833.53906,25610.21094,66200
14-09-2015,25706.86914,26471.82031,25531.07031,26218.91016,86200
21-09-2015,26107.98047,26339.09961,25386.48047,25863.5,45200
28-09-2015,25922.71094,26431.80078,25287.33008,26220.94922,70900
05-10-2015,26379.41992,27200.43945,26375.31055,27079.50977,75800
12-10-2015,27242.59961,27305.03906,26713.2793,27214.59961,63000
19-10-2015,27305.61914,27555.06055,27190.55078,27470.81055,37000
26-10-2015,27575.03906,27618.14063,26585.19922,26656.83008,55800
02-11-2015,26641.68945,26824.30078,26190.17969,26265.24023,53200
09-11-2015,25809,26193.16992,25540.73047,25610.5293,40800
16-11-2015,25580.15039,26058.75977,25451.41992,25868.49023,58000
23-11-2015,25945.14063,26184.65039,25703.85938,26128.19922,36400
30-11-2015,26142.5293,26256.41992,25623.71094,25638.10938,49400
07-12-2015,25746.0293,25785.5293,24930.42969,25044.42969,58700
14-12-2015,24935.59961,25831.31055,24867.73047,25519.2207,65200
21-12-2015,25425.32031,25922.4707,25413.53906,25838.71094,28000
28-12-2015,25858.51953,26147.63086,25856.85938,26117.53906,25600
04-01-2016,26116.51953,26116.51953,24825.69922,24934.33008,60500
11-01-2016,24787.10938,25018.46094,24387.68945,24455.03906,62500
18-01-2016,24400.7793,24563.33984,23839.75977,24435.66016,59100
25-01-2016,24540.9707,24911.90039,24340.06055,24870.68945,38200
01-02-2016,24982.2207,25002.32031,24187.53906,24616.9707,60600
08-02-2016,24637.41016,24698.94922,22600.39063,22986.11914,90900
15-02-2016,23223.42969,23774.48047,22920.83984,23709.15039,86500
22-02-2016,23783.4707,23855.03906,22948.09961,23154.30078,67600
29-02-2016,23238.5,24719.05078,22494.60938,24646.48047,134400
07-03-2016,24655.18945,24820.75977,24451.59961,24717.99023,67100
14-03-2016,24801.69922,24986.93945,24354.55078,24952.74023,81900
21-03-2016,25007.56055,25381.33008,24988.26953,25337.56055,33900
28-03-2016,25417.10938,25479.61914,24835.56055,25269.64063,54700
04-04-2016,25333.98047,25424.15039,24608.50977,24673.83984,61800
11-04-2016,24789.40039,25671.5,24523.19922,25626.75,52000
18-04-2016,25833.16016,26080.07031,25634.11914,25838.14063,51300
25-04-2016,25891.0293,26100.53906,25424.0293,25606.61914,59800
02-05-2016,25565.43945,25705.96094,25057.92969,25228.5,57100
09-05-2016,25321.83008,25827.0293,25302.85938,25489.57031,53800
16-05-2016,25528.80078,25927.31055,25251.90039,25301.90039,62100
23-05-2016,25447.7207,26677.42969,25181.4707,26653.59961,66200
30-05-2016,26694.75,27008.14063,26561.58008,26843.0293,78800
06-06-2016,26897.83984,27105.41016,26620.5,26635.75,56200
13-06-2016,26468.26953,26752.58984,26262.26953,26625.91016,51100
20-06-2016,26497.10938,27060.98047,25911.33008,26397.71094,57900
27-06-2016,26347.81055,27243.35938,26262.7207,27144.91016,52700
04-07-2016,27314.43945,27385.66016,27034.14063,27126.90039,41400
11-07-2016,27358.23047,28048.69922,27358.23047,27836.5,80500
18-07-2016,27920.66016,28013.5,27637.98047,27803.24023,71500
25-07-2016,27753.96094,28240.19922,27736.50977,28051.85938,62900
01-08-2016,28083.08008,28284.84961,27627.9707,28078.34961,63900
08-08-2016,28181.91992,28289.96094,27697.33008,28152.40039,80800
15-08-2016,28190.03906,28214.16992,27942.65039,28077,54300
22-08-2016,28088.07031,28154.21094,27696.99023,27782.25,48900
29-08-2016,27827.25977,28581.58008,27698.71094,28532.10938,61600
05-09-2016,28631.26953,29077.2793,28631.26953,28797.25,64700
12-09-2016,28481.08984,28778.64063,28251.31055,28599.0293,48200
19-09-2016,28626.59961,28871.91992,28462.33008,28668.2207,56900
26-09-2016,28630.91992,28630.91992,27716.7793,27865.96094,60300
03-10-2016,27997.28906,28477.65039,27919.89063,28061.14063,62300
10-10-2016,28144.2793,28216.64063,27548.17969,27673.59961,32800
17-10-2016,27776.14063,28212.5,27488.30078,28077.17969,68300
24-10-2016,28156.58984,28256.65039,27665.59961,27941.50977,65100
31-10-2016,27966.17969,28029.80078,27193.60938,27274.15039,58200
07-11-2016,27552.26953,27743.46094,25902.44922,26818.82031,76300
14-11-2016,26809.60938,26809.60938,26106.7793,26150.24023,51200
21-11-2016,26246.69922,26343.94922,25717.92969,26316.33984,47000
28-11-2016,26303.51953,26769.32031,26182.92969,26230.66016,49200
05-12-2016,26253.48047,26803.75977,26125.34961,26747.17969,48900
12-12-2016,26725.31055,26737.85938,26407.58008,26489.56055,45700
19-12-2016,26505.66016,26505.66016,25872.38086,26040.69922,35900
26-12-2016,25992.41016,26678.59961,25753.74023,26626.46094,37900
02-01-2017,26711.15039,27009.60938,26447.06055,26759.23047,43500
09-01-2017,26860.81055,27459.75,26701.17969,27238.06055,48900
16-01-2017,27238.34961,27422.66992,27009.81055,27034.5,49800
23-01-2017,26990.92969,27980.39063,26963.58008,27882.46094,39900
30-01-2017,27866.80078,28299.91992,27590.09961,28240.51953,65500
06-02-2017,28340.39063,28487.2793,28149.08008,28334.25,55600
13-02-2017,28450.41992,28726.25977,28102.23047,28468.75,63600
20-02-2017,28481.91016,29065.31055,28419.26953,28892.9707,52000
27-02-2017,28910.5,29145.61914,28716.21094,28832.44922,57400
06-03-2017,28859.21094,29098.16992,28815.01953,28946.23047,455500
13-03-2017,29437.23047,29824.61914,29356.05078,29648.99023,454600
20-03-2017,29653.53906,29699.48047,29137.48047,29421.40039,474000
27-03-2017,29395.67969,29687.64063,29163.53906,29620.5,117700
03-04-2017,29737.73047,30007.48047,29668.44922,29706.60938,47300
10-04-2017,29752.61914,29838.82031,29442.25977,29461.44922,40700
17-04-2017,29470.26953,29701.18945,29241.48047,29365.30078,56300
24-04-2017,29407.67969,30184.2207,29392.99023,29918.40039,50400
01-05-2017,30021.49023,30176.55078,29804.11914,29858.80078,61200
08-05-2017,29915.11914,30366.42969,29877.41016,30188.15039,51200
15-05-2017,30287.36914,30712.34961,30273.61914,30464.91992,66500
22-05-2017,30638.88086,31074.07031,30247.59961,31028.21094,66000
29-05-2017,30944.38086,31332.56055,30869.90039,31273.28906,54300
05-06-2017,31274.74023,31430.32031,31087.2793,31262.06055,55900
12-06-2017,31225.42969,31260.76953,31017.17969,31056.40039,58800
19-06-2017,31168.98047,31522.86914,31110.39063,31138.21094,151200
26-06-2017,31194.67969,31294.96094,30680.66016,30921.60938,46700
03-07-2017,31156.03906,31460.69922,31017.10938,31360.63086,39600
10-07-2017,31510.61914,32109.75,31471.41016,32020.75,73000
17-07-2017,32053.98047,32131.91992,31626.43945,32028.89063,72400
24-07-2017,32100.2207,32672.66016,32058.33008,32309.88086,60200
31-07-2017,32412.19922,32686.48047,32107.99023,32325.41016,56500
07-08-2017,32377.80078,32396.14063,31128.01953,31213.58984,57300
14-08-2017,31299.51953,31937.50977,31298.90039,31524.67969,47100
21-08-2017,31609.92969,31678.18945,31220.5293,31596.06055,53300
28-08-2017,31756.86914,31944.09961,31360.81055,31892.23047,46800
04-09-2017,31932.19922,31932.19922,31560.32031,31687.51953,41000
11-09-2017,31798.31055,32356.10938,31797.89063,32272.60938,42600
18-09-2017,32361.36914,32524.10938,31886.08984,31922.43945,95700
25-09-2017,31986.40039,32016.51953,31081.83008,31283.7207,48000
02-10-2017,31537.81055,31844.2793,31440.48047,31814.2207,27200
09-10-2017,31862.19922,32508.58984,31769.40039,32432.68945,44900
16-10-2017,32488.23047,32699.85938,32319.36914,32389.96094,31300
23-10-2017,32411.85938,33286.51172,32312.74023,33157.21875,80500
30-10-2017,33260.10156,33733.71094,33164.28125,33685.55859,251800
06-11-2017,33710.14844,33865.94922,33108.08984,33314.55859,347700
13-11-2017,33397.41016,33520.82031,32683.58984,33342.80078,62400
20-11-2017,33365.83984,33738.53125,33288.21094,33679.23828,50700
27-11-2017,33640.51172,33770.14844,32797.78125,32832.94141,40200
04-12-2017,32968.01953,33285.67969,32565.16016,33250.30078,51500
11-12-2017,33317.71875,33621.96094,32886.92969,33462.96875,80100
18-12-2017,33364.51953,33964.28125,32595.63086,33940.30078,66500
25-12-2017,33980.76172,34137.96875,33752.03125,34056.82813,45400
01-01-2018,34059.98828,34188.85156,33703.37109,34153.85156,52300
08-01-2018,34216.32813,34638.42188,34216.32813,34592.39063,49100
15-01-2018,34687.21094,35542.17188,34687.21094,35511.57813,154100
22-01-2018,35613.96875,36268.19141,35544.67969,36050.44141,96100
29-01-2018,36106.35938,36443.98047,35006.41016,35066.75,89200
05-02-2018,34718.85156,34874.17188,33482.80859,34005.76172,110400
12-02-2018,34203.33984,34535.07813,33957.32813,34010.76172,83100
19-02-2018,34053.94922,34167.60156,33554.37109,34142.14844,88300
26-02-2018,34225.71875,34610.78906,34015.78906,34046.94141,55700
05-03-2018,34034.28125,34060.12891,32991.14063,33307.14063,63100
12-03-2018,33468.16016,34077.32031,33119.92188,33176,65800
19-03-2018,33268.96875,33354.92969,32483.83984,32596.53906,58800
26-03-2018,32536.43945,33371.03906,32515.16992,32968.67969,56100
02-04-2018,33030.87109,33697.51172,32972.55859,33626.96875,50200
09-04-2018,33653.60938,34313.14063,33578.91016,34192.64844,75200
16-04-2018,33944.73047,34591.80859,33899.33984,34415.57813,43500
23-04-2018,34493.69141,35065.37109,34259.26953,34969.69922,51900
30-04-2018,35021.19922,35357.14844,34847.60938,34915.37891,31100
07-05-2018,34983.58984,35596.14844,34977.73828,35535.78906,53500
14-05-2018,35555.82813,35993.53125,34821.62109,34848.30078,52400
21-05-2018,34873.16016,35017.92969,34302.89063,34924.87109,55900
28-05-2018,35074.32031,35438.21875,34735.10938,35227.26172,65300
04-06-2018,35503.23828,35628.48828,34784.67969,35443.67188,66500
11-06-2018,35472.58984,35877.41016,35419.67969,35622.14063,52900
18-06-2018,35698.42969,35741.26172,35249.05859,35689.60156,104300
25-06-2018,35783.75,35806.96875,34937.14844,35423.48047,85400
02-07-2018,35545.21875,35799.71094,35106.57031,35657.85938,68300
09-07-2018,35835.10156,36740.07031,35779.71875,36541.62891,50800
16-07-2018,36658.71094,36747.87109,36261.78125,36496.37109,62900
23-07-2018,36501.05078,37368.62109,36491.82813,37336.85156,63200
30-07-2018,37491.39063,37711.87109,37128.98828,37556.16016,73700
06-08-2018,37714.69922,38076.23047,37586.87891,37869.23047,68600
13-08-2018,37693.19141,38022.32031,37559.26172,37947.87891,45700
20-08-2018,38075.07031,38487.62891,38050.69141,38251.80078,42500
27-08-2018,38472.03125,38989.64844,38416.73047,38645.07031,60900
03-09-2018,38915.91016,38934.35156,37774.42188,38389.82031,67600
10-09-2018,38348.39063,38354.51953,37342,38090.64063,58200
17-09-2018,38027.80859,38027.80859,35993.64063,36841.60156,73800
24-09-2018,36924.71875,36945.5,35985.62891,36227.14063,106200
01-10-2018,36274.25,36616.64063,34202.21875,34376.98828,89800
08-10-2018,34412.35938,34858.35156,33723.53125,34733.57813,137100
15-10-2018,34971.82813,35605.42969,34140.32031,34315.62891,57200
22-10-2018,34689.39063,34748.69141,33291.57813,33349.30859,87400
29-10-2018,33549.87891,35190.19922,33341.80078,35011.64844,130800
05-11-2018,35118.62109,35302.25,34811.60156,35158.55078,58000
12-11-2018,35287.48828,35545.85156,34672.19922,35457.16016,92100
19-11-2018,35647.62109,35818.82813,34937.98047,34981.01953,59000
26-11-2018,35118.08984,36389.21875,34896.07031,36194.30078,129600
03-12-2018,36396.69141,36446.16016,35266.76172,35673.25,111000
10-12-2018,35204.66016,36095.55859,34426.28906,35962.92969,104000
17-12-2018,36129.12891,36554.98828,35694.73828,35742.07031,76235200
24-12-2018,35859.66016,36194.78125,35010.82031,36076.71875,36741900
31-12-2018,36239.19141,36285.46094,35382.07813,35695.10156,39223800
07-01-2019,35971.17969,36269.30859,35753.94922,36009.83984,48419100
14-01-2019,36113.26953,36469.98047,35691.75,36386.60938,105800
21-01-2019,36467.12109,36701.03125,35953.14844,36025.53906,96400
28-01-2019,36099.62109,36778.14063,35375.51172,36469.42969,86086000
04-02-2019,36456.21875,37172.17969,36225.48047,36546.48047,28088200
11-02-2019,36585.5,36588.41016,35510.96875,35808.94922,101800
18-02-2019,35831.17969,35983.07031,35287.16016,35871.48047,68300
25-02-2019,35983.80078,36371.10938,35714.16016,36063.80859,77600
04-03-2019,36141.07031,36830.25,35926.94141,36671.42969,68500
11-03-2019,36741.57031,38254.76953,36726.39063,38024.32031,86800
18-03-2019,38132.96094,38564.71094,37952.10156,38164.60938,64800
25-03-2019,38016.76172,38748.53906,37667.39844,38672.91016,81200
01-04-2019,38858.87891,39270.14063,38581.03906,38862.23047,85400
08-04-2019,38993.60156,39041.25,38460.25,38767.10938,73300
15-04-2019,38805.53906,39487.44922,38780.07813,39140.28125,49900
22-04-2019,39158.21875,39262.21875,38518.26172,39067.32813,73400
29-04-2019,39056.92188,39189.94922,38753.46094,38963.26172,71900
06-05-2019,38719.32813,38835.53906,37370.39063,37462.98828,77100
13-05-2019,37491.30078,38001.12891,36956.10156,37930.76953,89400
20-05-2019,38701.17969,40124.96094,38570.03906,39434.71875,109900
27-05-2019,39536.23047,40122.33984,39353.16016,39714.19922,78700
03-06-2019,39806.85938,40312.07031,39279.46875,39615.89844,80000
10-06-2019,39787.32813,40066.30859,39363.44922,39452.07031,84500
17-06-2019,39514.35938,39638.64063,38870.96094,39194.48828,84700
24-06-2019,39160.23047,39817.21875,38946.03906,39394.64063,62300
01-07-2019,39543.73047,40032.41016,39441.37891,39513.39063,79900
08-07-2019,39476.37891,39476.37891,38435.87109,38736.23047,83200
15-07-2019,39009.94922,39284.73047,38271.35156,38337.01172,109800
22-07-2019,38333.51953,38333.51953,37690.46875,37882.78906,101000
29-07-2019,38043.21875,38043.21875,36607.41016,37118.21875,120200
05-08-2019,36842.17188,37807.55078,36416.78906,37581.91016,128100
12-08-2019,37755.16016,37755.16016,36888.48828,37350.32813,77200
19-08-2019,37485.92188,37718.87891,36102.35156,36701.16016,138600
26-08-2019,37363.94922,37731.51172,36492.64844,37332.78906,165800
02-09-2019,37181.76172,37188.37891,36409.53906,36981.76953,99600
09-09-2019,36969.48047,37435.14844,36784.46875,37384.98828,123800
16-09-2019,37204.55859,38378.01953,35987.80078,38014.62109,158500
23-09-2019,38844,39441.12109,38510.96875,38822.57031,134600
30-09-2019,38873.12109,38923.78125,37633.35938,37673.30859,236500
07-10-2019,37853.80078,38345.41016,37415.82813,38127.07813,143500
14-10-2019,38208.23828,39361.05859,38066.12891,39298.37891,171700
21-10-2019,39233.39844,39426.46875,38718.26953,39058.05859,180700
28-10-2019,39293.48828,40392.21875,39254.12109,40165.03125,232600
04-11-2019,40293.85156,40749.32813,40037.53125,40323.60938,218500
11-11-2019,40316.5,40650.05859,40026.98828,40356.69141,120800
18-11-2019,40431.07813,40816.37891,40221.96875,40359.41016,143600
25-11-2019,40439.66016,41163.78906,40393.89844,40793.80859,171400
02-12-2019,41072.94141,41093.98828,40337.53125,40445.14844,184100
09-12-2019,40527.23828,41055.80078,40135.37109,41009.71094,188700
16-12-2019,41168.85156,41809.96094,40917.92969,41681.53906,131800
23-12-2019,41548.26172,41702.98047,41132.89063,41575.14063,22300
30-12-2019,41686.26953,41714.73047,41184.73047,41253.73828,11300
